,년월,시도명,읍면동명,업종명,이용자수,이용금액,총 유동인구,데이터기준일자
53,20-Jan,서귀포시,대륜동,숙박,32,5656180,16830498.28,2020-12-15
106,20-Jan,서귀포시,대천동,숙박,608,79761063,9737936.316,2020-12-15
158,20-Jan,서귀포시,서홍동,숙박,193,28694566,7659463.85,2020-12-15
189,20-Jan,서귀포시,성산읍,숙박,29,1305000,17204429.85,2020-12-15
220,20-Jan,서귀포시,송산동,숙박,1413,128196982,22477951.84,2020-12-15
273,20-Jan,서귀포시,영천동,숙박,1397,127166982,5939587.76,2020-12-15
299,20-Jan,서귀포시,예래동,숙박,5364,2194126457,8063837.637,2020-12-15
327,20-Jan,서귀포시,정방동,숙박,16,1030000,5250639.372,2020-12-15
356,20-Jan,서귀포시,중문동,숙박,230,32878971,11695772.36,2020-12-15
383,20-Jan,서귀포시,중앙동,숙박,16,1030000,5087795.118,2020-12-15
412,20-Jan,서귀포시,천지동,숙박,209,29724566,9663139.342,2020-12-15
490,20-Jan,제주시,건입동,숙박,34,1405000,10594143.14,2020-12-15
519,20-Jan,제주시,구좌읍,숙박,3,110000,15302814.41,2020-12-15
552,20-Jan,제주시,노형동,숙박,149,15115000,57035512.82,2020-12-15
620,20-Jan,제주시,삼도1동,숙박,237,69567296,12129463.91,2020-12-15
649,20-Jan,제주시,삼도2동,숙박,2230,632812739,8099927.678,2020-12-15
734,20-Jan,제주시,애월읍,숙박,10,141000,42634658.03,2020-12-15
769,20-Jan,제주시,연동,숙박,4007,1203199896,53916295.07,2020-12-15
826,20-Jan,제주시,외도동,숙박,238,42485634,11662174.2,2020-12-15
856,20-Jan,제주시,용담1동,숙박,37,24690000,8124166.637,2020-12-15
930,20-Jan,제주시,이도1동,숙박,1195,204115399,12140177.55,2020-12-15
1011,20-Jan,제주시,일도1동,숙박,23,1659000,3553858.98,2020-12-15
1071,20-Jan,제주시,조천읍,숙박,149,19915308,24554291.51,2020-12-15
1224,20-Feb,서귀포시,대륜동,숙박,10,1844080,14619366.84,2020-12-15
1277,20-Feb,서귀포시,대천동,숙박,400,125808857,8684206.771,2020-12-15
1328,20-Feb,서귀포시,서홍동,숙박,70,4651208,6718256.621,2020-12-15
1359,20-Feb,서귀포시,성산읍,숙박,36,1700000,13696298.7,2020-12-15
1391,20-Feb,서귀포시,송산동,숙박,885,165468616,20084829.94,2020-12-15
1444,20-Feb,서귀포시,영천동,숙박,883,165393616,5134790.03,2020-12-15
1472,20-Feb,서귀포시,예래동,숙박,2393,886452410,5606543.599,2020-12-15
1501,20-Feb,서귀포시,정방동,숙박,2,75000,3882766.539,2020-12-15
1530,20-Feb,서귀포시,중문동,숙박,156,20918537,9992318.188,2020-12-15
1558,20-Feb,서귀포시,중앙동,숙박,2,75000,4315790.567,2020-12-15
1588,20-Feb,서귀포시,천지동,숙박,72,4726208,8361020.359,2020-12-15
1662,20-Feb,제주시,건입동,숙박,47,4950000,8671660.533,2020-12-15
1690,20-Feb,제주시,구좌읍,숙박,4,175000,12992416.93,2020-12-15
1723,20-Feb,제주시,노형동,숙박,90,7839500,52704414.79,2020-12-15
1793,20-Feb,제주시,삼도1동,숙박,164,38356078,10844848.52,2020-12-15
1822,20-Feb,제주시,삼도2동,숙박,987,257750585,7034353.78,2020-12-15
1938,20-Feb,제주시,연동,숙박,2399,725142168,47434700.41,2020-12-15
1995,20-Feb,제주시,외도동,숙박,149,23817991,11427340.29,2020-12-15
2025,20-Feb,제주시,용담1동,숙박,15,9372000,7561825.608,2020-12-15
2100,20-Feb,제주시,이도1동,숙박,786,171856709,11525619.96,2020-12-15
2180,20-Feb,제주시,일도1동,숙박,14,859250,1834847.328,2020-12-15
2238,20-Feb,제주시,조천읍,숙박,81,11356067,21166671.13,2020-12-15
2391,20-Mar,서귀포시,대륜동,숙박,13,2481840,15409446.24,2020-12-15
2421,20-Mar,서귀포시,대정읍,숙박,1,400040,18767892.19,2020-12-15
2444,20-Mar,서귀포시,대천동,숙박,501,35460741,9287676.671,2020-12-15
2496,20-Mar,서귀포시,서홍동,숙박,95,7556557,7229847.459,2020-12-15
2527,20-Mar,서귀포시,성산읍,숙박,22,890000,14843808.6,2020-12-15
2559,20-Mar,서귀포시,송산동,숙박,921,54133552,21682722.03,2020-12-15
2611,20-Mar,서귀포시,영천동,숙박,914,51683552,5800530.401,2020-12-15
2636,20-Mar,서귀포시,예래동,숙박,2917,965489313,5744272.765,2020-12-15
2665,20-Mar,서귀포시,정방동,숙박,7,2450000,3890129.289,2020-12-15
2696,20-Mar,서귀포시,중문동,숙박,314,45624688,10647498.76,2020-12-15
2724,20-Mar,서귀포시,중앙동,숙박,7,2450000,4653041.907,2020-12-15
2754,20-Mar,서귀포시,천지동,숙박,102,10006557,8885074.475,2020-12-15
2828,20-Mar,제주시,건입동,숙박,34,3935000,9502469.961,2020-12-15
2888,20-Mar,제주시,노형동,숙박,111,7242000,55640704.6,2020-12-15
2957,20-Mar,제주시,삼도1동,숙박,152,15621874,11880430.11,2020-12-15
2985,20-Mar,제주시,삼도2동,숙박,737,198466312,6964452.574,2020-12-15
3067,20-Mar,제주시,애월읍,숙박,3,385000,40295131.28,2020-12-15
3101,20-Mar,제주시,연동,숙박,1441,606098609,49001464.64,2020-12-15
3155,20-Mar,제주시,외도동,숙박,179,33945336,12483078.09,2020-12-15
3185,20-Mar,제주시,용담1동,숙박,8,880000,7665415.968,2020-12-15
3257,20-Mar,제주시,이도1동,숙박,414,80411961,12564435.93,2020-12-15
3337,20-Mar,제주시,일도1동,숙박,8,551000,2866838.114,2020-12-15
3397,20-Mar,제주시,조천읍,숙박,30,1789638,22344229.42,2020-12-15
3549,20-Apr,서귀포시,대륜동,숙박,11,2520000,14470880.64,2020-12-15
3601,20-Apr,서귀포시,대천동,숙박,370,17168890,8909338.649,2020-12-15
3655,20-Apr,서귀포시,서홍동,숙박,72,5971087,6883187.111,2020-12-15
3686,20-Apr,서귀포시,성산읍,숙박,18,740000,13918720.38,2020-12-15
3719,20-Apr,서귀포시,송산동,숙박,873,50912164,20507990.19,2020-12-15
3771,20-Apr,서귀포시,영천동,숙박,870,50027164,5479200.568,2020-12-15
3795,20-Apr,서귀포시,예래동,숙박,3114,1127254093,5435882.402,2020-12-15
3824,20-Apr,서귀포시,정방동,숙박,3,885000,3429709.043,2020-12-15
3855,20-Apr,서귀포시,중문동,숙박,250,38013666,10095422.32,2020-12-15
3883,20-Apr,서귀포시,중앙동,숙박,3,885000,4530584.305,2020-12-15
3913,20-Apr,서귀포시,천지동,숙박,75,6856087,8424160.643,2020-12-15
3989,20-Apr,제주시,건입동,숙박,30,2310000,9018817.09,2020-12-15
4048,20-Apr,제주시,노형동,숙박,104,10491000,53504878.81,2020-12-15
4117,20-Apr,제주시,삼도1동,숙박,111,18246519,11165907.64,2020-12-15
4145,20-Apr,제주시,삼도2동,숙박,672,180003275,6603114.994,2020-12-15
4229,20-Apr,제주시,애월읍,숙박,2,24000,38871409.8,2020-12-15
4264,20-Apr,제주시,연동,숙박,1690,546739458,46699815.66,2020-12-15
4320,20-Apr,제주시,외도동,숙박,159,18485854,11925704.2,2020-12-15
4348,20-Apr,제주시,용담1동,숙박,7,810000,7266690.126,2020-12-15
4421,20-Apr,제주시,이도1동,숙박,332,83609507,12102576.01,2020-12-15
4499,20-Apr,제주시,일도1동,숙박,12,658600,2769274.993,2020-12-15
4558,20-Apr,제주시,조천읍,숙박,57,6257468,21653151.8,2020-12-15
4671,20-May,제주시,연동,숙박,2703,850399420,48177714.72,2021-07-30
4704,20-May,제주시,애월읍,숙박,1,24000,40776213.36,2021-07-30
4732,20-May,제주시,용담1동,숙박,12,48000000,7544336.781,2021-07-30
4799,20-May,제주시,외도동,숙박,243,33277310,12161795.24,2021-07-30
4818,20-May,제주시,삼도1동,숙박,194,27250525,11482713.49,2021-07-30
4825,20-May,제주시,삼도2동,숙박,1245,337061844,7115250.094,2021-07-30
4963,20-May,제주시,조천읍,숙박,153,16131973,23420502.38,2021-07-30
5101,20-May,제주시,이도1동,숙박,511,169584609,12634590.43,2021-07-30
5205,20-May,제주시,일도1동,숙박,20,1289720,2979925.376,2021-07-30
5254,20-May,서귀포시,성산읍,숙박,21,1055000,15313496.26,2021-07-30
5283,20-May,서귀포시,서홍동,숙박,93,7000751,7219740.882,2021-07-30
5350,20-May,서귀포시,영천동,숙박,1295,163739530,5796950.667,2021-07-30
5367,20-May,서귀포시,송산동,숙박,1302,165679530,21343622.25,2021-07-30
5390,20-May,서귀포시,안덕면,숙박,1,3160500,18648293.84,2021-07-30
5410,20-May,서귀포시,대륜동,숙박,19,4321680,15294277.34,2021-07-30
5503,20-May,서귀포시,대천동,숙박,432,16796342,9192377.365,2021-07-30
5508,20-May,서귀포시,대정읍,숙박,1,400000,19233276.51,2021-07-30
5557,20-May,제주시,건입동,숙박,24,2185000,9721165.924,2021-07-30
5623,20-May,제주시,노형동,숙박,94,7282000,55051247.53,2021-07-30
5656,20-May,제주시,구좌읍,숙박,2,70000,15075239.15,2021-07-30
5701,20-May,서귀포시,정방동,숙박,7,1940000,3788125.362,2021-07-30
5707,20-May,서귀포시,중문동,숙박,353,70656653,10862215.45,2021-07-30
5728,20-May,서귀포시,예래동,숙박,4184,1711176350,6372830.547,2021-07-30
5767,20-May,서귀포시,천지동,숙박,100,8940751,8969465.681,2021-07-30
5827,20-May,서귀포시,중앙동,숙박,7,1940000,4527010.194,2021-07-30
5842,20-Jun,제주시,연동,숙박,2511,744087456,46947709.81,2021-07-30
5882,20-Jun,제주시,애월읍,숙박,1,570000,39710925.11,2021-07-30
5919,20-Jun,제주시,용담1동,숙박,13,1990000,7357924.152,2021-07-30
5968,20-Jun,제주시,외도동,숙박,416,32635729,11264967.68,2021-07-30
5987,20-Jun,제주시,삼도1동,숙박,178,24699608,10863305.35,2021-07-30
6047,20-Jun,제주시,삼도2동,숙박,1274,356720616,7072196.911,2021-07-30
6134,20-Jun,제주시,조천읍,숙박,158,30549186,22749257.92,2021-07-30
6278,20-Jun,제주시,이도1동,숙박,446,100641557,12293891.95,2021-07-30
6376,20-Jun,제주시,일도1동,숙박,20,1252000,2822062.576,2021-07-30
6423,20-Jun,서귀포시,성산읍,숙박,17,840000,14808401.28,2021-07-30
6470,20-Jun,서귀포시,서홍동,숙박,113,12382899,6741948.074,2021-07-30
6521,20-Jun,서귀포시,영천동,숙박,1298,84617275,5809891.945,2021-07-30
6543,20-Jun,서귀포시,송산동,숙박,1310,86707275,20948688.98,2021-07-30
6583,20-Jun,서귀포시,대륜동,숙박,12,3670520,15152603.23,2021-07-30
6672,20-Jun,서귀포시,대천동,숙박,396,27493184,8995485.036,2021-07-30
6742,20-Jun,제주시,건입동,숙박,19,810000,9710553.377,2021-07-30
6801,20-Jun,제주시,노형동,숙박,115,10370000,53894377.66,2021-07-30
6872,20-Jun,서귀포시,정방동,숙박,12,2090000,3674632.056,2021-07-30
6899,20-Jun,서귀포시,예래동,숙박,4520,2091597156,6516917.864,2021-07-30
6930,20-Jun,서귀포시,중문동,숙박,419,67498170,10934724.02,2021-07-30
6951,20-Jun,서귀포시,천지동,숙박,125,14472899,8424160.588,2021-07-30
7003,20-Jun,서귀포시,중앙동,숙박,12,2090000,4642405.891,2021-07-30
7014,20-Jul,제주시,연동,숙박,2819,1002985663,49268247.81,2021-07-30
7048,20-Jul,제주시,애월읍,숙박,5,130000,42137306.63,2021-07-30
7095,20-Jul,제주시,용담1동,숙박,22,2793720,7575560.87,2021-07-30
7141,20-Jul,제주시,외도동,숙박,562,74512973,12044886.7,2021-07-30
7160,20-Jul,제주시,삼도1동,숙박,304,47330806,11544163.97,2021-07-30
7186,20-Jul,제주시,삼도2동,숙박,1670,361821111,7512032.086,2021-07-30
7315,20-Jul,제주시,조천읍,숙박,113,21314236,24636330.11,2021-07-30
7465,20-Jul,제주시,이도1동,숙박,584,103539149,12764387.46,2021-07-30
7553,20-Jul,제주시,일도1동,숙박,18,1081750,2993611.652,2021-07-30
7605,20-Jul,서귀포시,성산읍,숙박,20,795000,16439227.7,2021-07-30
7641,20-Jul,서귀포시,서홍동,숙박,141,16353106,6922233.611,2021-07-30
7702,20-Jul,서귀포시,영천동,숙박,1511,138919886,6028954.628,2021-07-30
7719,20-Jul,서귀포시,송산동,숙박,1518,140379886,22274058.38,2021-07-30
7742,20-Jul,서귀포시,안덕면,숙박,1,5440000,18807377.36,2021-07-30
7763,20-Jul,서귀포시,대륜동,숙박,18,9463234,16285826.4,2021-07-30
7856,20-Jul,서귀포시,대천동,숙박,467,31373497,9822303.938,2021-07-30
7861,20-Jul,서귀포시,대정읍,숙박,1,400000,18599692.38,2021-07-30
7926,20-Jul,제주시,건입동,숙박,15,520000,10305450.48,2021-07-30
7976,20-Jul,제주시,노형동,숙박,117,10291000,56206103.47,2021-07-30
8008,20-Jul,제주시,구좌읍,숙박,4,687000,16616148.13,2021-07-30
8056,20-Jul,서귀포시,정방동,숙박,7,1460000,4110500.71,2021-07-30
8062,20-Jul,서귀포시,중문동,숙박,386,92636126,11638480.23,2021-07-30
8085,20-Jul,서귀포시,예래동,숙박,4680,2424415457,7319197.088,2021-07-30
8134,20-Jul,서귀포시,천지동,숙박,148,17813106,8838553.596,2021-07-30
8184,20-Jul,서귀포시,중앙동,숙박,7,1460000,5075067.278,2021-07-30
8196,20-Aug,제주시,연동,숙박,3510,995799517,49842253.09,2021-07-28
8234,20-Aug,제주시,애월읍,숙박,26,2777720,45314311.06,2021-07-28
8269,20-Aug,제주시,용담1동,숙박,39,16705160,7528622.221,2021-07-28
8328,20-Aug,제주시,외도동,숙박,561,67166929,12453749.55,2021-07-28
8346,20-Aug,제주시,삼도1동,숙박,351,75448771,11434412.17,2021-07-28
8355,20-Aug,제주시,삼도2동,숙박,2759,555906682,7654167.254,2021-07-28
8493,20-Aug,제주시,조천읍,숙박,126,21451585,26688211.67,2021-07-28
8634,20-Aug,제주시,이도1동,숙박,766,158875283,12684075.93,2021-07-28
8739,20-Aug,제주시,일도1동,숙박,18,1254100,2969840.928,2021-07-28
8795,20-Aug,서귀포시,성산읍,숙박,32,1475000,18446177.94,2021-07-28
8819,20-Aug,서귀포시,서홍동,숙박,178,21107364,7145986.881,2021-07-28
8871,20-Aug,서귀포시,영천동,숙박,1762,136801239,5971022.193,2021-07-28
8902,20-Aug,서귀포시,송산동,숙박,1773,138321239,22631970.21,2021-07-28
8944,20-Aug,서귀포시,대륜동,숙박,36,39885936,17316741.16,2021-07-28
9038,20-Aug,서귀포시,대천동,숙박,502,44485991,10329930.17,2021-07-28
9044,20-Aug,서귀포시,대정읍,숙박,1,400000,19507941.98,2021-07-28
9082,20-Aug,제주시,건입동,숙박,36,2835000,10625927.44,2021-07-28
9158,20-Aug,제주시,노형동,숙박,110,12972000,55942545.13,2021-07-28
9191,20-Aug,제주시,구좌읍,숙박,5,220000,17961278.2,2021-07-28
9245,20-Aug,서귀포시,중문동,숙박,442,89458697,12400222.27,2021-07-28
9258,20-Aug,서귀포시,정방동,숙박,11,1520000,4506332.103,2021-07-28
9274,20-Aug,서귀포시,예래동,숙박,5105,2965228757,8336270.244,2021-07-28
9297,20-Aug,서귀포시,천지동,숙박,189,22627364,9329263.719,2021-07-28
9365,20-Aug,서귀포시,중앙동,숙박,11,1520000,4908821.165,2021-07-28
9400,20-Sep,제주시,연동,숙박,1976,462894324,46714075.68,2021-07-28
9415,20-Sep,제주시,애월읍,숙박,33,5207862,40684047.4,2021-07-28
9442,20-Sep,제주시,용담1동,숙박,21,2020080,7172909.207,2021-07-28
9505,20-Sep,제주시,외도동,숙박,342,30229732,12013281.1,2021-07-28
9525,20-Sep,제주시,삼도1동,숙박,167,28712761,11015233.49,2021-07-28
9533,20-Sep,제주시,삼도2동,숙박,1026,290719018,6824165.301,2021-07-28
9672,20-Sep,제주시,조천읍,숙박,68,10456299,22587312.81,2021-07-28
9810,20-Sep,제주시,이도1동,숙박,502,129642841,11990979.7,2021-07-28
9894,20-Sep,제주시,일도1동,숙박,6,341000,2761538.108,2021-07-28
9960,20-Sep,서귀포시,성산읍,숙박,38,1940000,15527094.53,2021-07-28
9989,20-Sep,서귀포시,서홍동,숙박,133,11176410,7162951.719,2021-07-28
10057,20-Sep,서귀포시,영천동,숙박,1097,91413311,5801886.357,2021-07-28
10073,20-Sep,서귀포시,송산동,숙박,1103,92873311,21434539.28,2021-07-28
10116,20-Sep,서귀포시,대륜동,숙박,16,6848128,15338923.1,2021-07-28
10207,20-Sep,서귀포시,대천동,숙박,332,16205350,9344504.812,2021-07-28
10251,20-Sep,제주시,건입동,숙박,31,1620000,9691362.027,2021-07-28
10328,20-Sep,제주시,노형동,숙박,88,7232000,53378443.8,2021-07-28
10362,20-Sep,제주시,구좌읍,숙박,1,100000,15306981.13,2021-07-28
10407,20-Sep,서귀포시,정방동,숙박,6,1460000,3646482.455,2021-07-28
10413,20-Sep,서귀포시,중문동,숙박,313,79999731,11241808.68,2021-07-28
10432,20-Sep,서귀포시,예래동,숙박,3270,1759680917,6033472.717,2021-07-28
10466,20-Sep,서귀포시,천지동,숙박,139,12636410,8999080.127,2021-07-28
10532,20-Sep,서귀포시,중앙동,숙박,6,1460000,4464560.108,2021-07-28
10546,20-Oct,제주시,연동,숙박,2889,929274952,49615288.37,2021-07-28
10581,20-Oct,제주시,애월읍,숙박,151,24976453,44514781.66,2021-07-28
10610,20-Oct,제주시,용담1동,숙박,24,3738000,7462088.868,2021-07-28
10674,20-Oct,제주시,외도동,숙박,289,36301614,12547120.69,2021-07-28
10694,20-Oct,제주시,삼도1동,숙박,259,60737295,11419974.23,2021-07-28
10702,20-Oct,제주시,삼도2동,숙박,1760,522402574,7438255.221,2021-07-28
10838,20-Oct,제주시,조천읍,숙박,129,22977475,25232483.07,2021-07-28
10978,20-Oct,제주시,이도1동,숙박,647,133146287,12404917.56,2021-07-28
11064,20-Oct,제주시,일도1동,숙박,30,2408000,2972683.161,2021-07-28
11129,20-Oct,서귀포시,성산읍,숙박,20,990000,17089700.33,2021-07-28
11159,20-Oct,서귀포시,서홍동,숙박,180,20115709,7324130.105,2021-07-28
11226,20-Oct,서귀포시,영천동,숙박,1622,126913349,6384225.355,2021-07-28
11242,20-Oct,서귀포시,송산동,숙박,1633,129473349,22589889.7,2021-07-28
11293,20-Oct,서귀포시,대륜동,숙박,26,10680120,16344755.69,2021-07-28
11378,20-Oct,서귀포시,대천동,숙박,515,49241743,10179990.1,2021-07-28
11422,20-Oct,제주시,건입동,숙박,24,970000,10404565.6,2021-07-28
11499,20-Oct,제주시,노형동,숙박,107,6803000,56208880.13,2021-07-28
11533,20-Oct,제주시,구좌읍,숙박,2,270000,16648268.33,2021-07-28
11585,20-Oct,서귀포시,중문동,숙박,409,104118872,12362238.41,2021-07-28
11614,20-Oct,서귀포시,예래동,숙박,4508,2384548984,7300908.079,2021-07-28
11633,20-Oct,서귀포시,정방동,숙박,11,2560000,4418321.048,2021-07-28
11640,20-Oct,서귀포시,천지동,숙박,191,22675709,9393166.084,2021-07-28
11705,20-Oct,서귀포시,중앙동,숙박,11,2560000,4856000.526,2021-07-28
11717,20-Nov,제주시,연동,숙박,2953,1120044535,52498922.4,2021-07-28
11753,20-Nov,제주시,애월읍,숙박,133,14533439,45684131.9,2021-07-28
11780,20-Nov,제주시,용담1동,숙박,44,32741440,7597553.259,2021-07-28
11846,20-Nov,제주시,외도동,숙박,256,46539161,12777460.92,2021-07-28
11865,20-Nov,제주시,삼도1동,숙박,261,75876780,11601137.13,2021-07-28
11873,20-Nov,제주시,삼도2동,숙박,2012,564688281,7767752.261,2021-07-28
12009,20-Nov,제주시,조천읍,숙박,118,15558716,25420558.26,2021-07-28
12148,20-Nov,제주시,이도1동,숙박,791,210910120,13077351.82,2021-07-28
12238,20-Nov,제주시,일도1동,숙박,27,3962453,3038383.63,2021-07-28
12309,20-Nov,서귀포시,성산읍,숙박,18,845000,17366301.56,2021-07-28
12332,20-Nov,서귀포시,서홍동,숙박,149,15298751,7422240.674,2021-07-28
12400,20-Nov,서귀포시,영천동,숙박,1558,117736377,6521766.704,2021-07-28
12416,20-Nov,서귀포시,송산동,숙박,1563,117926377,22810330.95,2021-07-28
12423,20-Nov,서귀포시,안덕면,숙박,1,638000,21991731.14,2021-07-28
12448,20-Nov,서귀포시,대륜동,숙박,24,9902274,16765213.69,2021-07-28
12570,20-Nov,서귀포시,대천동,숙박,531,47826857,10545756.44,2021-07-28
12613,20-Nov,제주시,건입동,숙박,34,1301000,10643102.62,2021-07-28
12670,20-Nov,제주시,노형동,숙박,68,7425000,58617075.23,2021-07-28
12703,20-Nov,제주시,구좌읍,숙박,2,325000,16428021.48,2021-07-28
12758,20-Nov,서귀포시,중문동,숙박,406,96638153,12852065.0,2021-07-28
12771,20-Nov,서귀포시,정방동,숙박,5,190000,4647394.507,2021-07-28
12781,20-Nov,서귀포시,예래동,숙박,4346,2319369246,7650703.339,2021-07-28
12809,20-Nov,서귀포시,천지동,숙박,154,15488751,9469862.881,2021-07-28
12877,20-Nov,서귀포시,중앙동,숙박,5,190000,5048833.006,2021-07-28
12892,20-Dec,제주시,연동,숙박,2053,786650255,53339784.82,2021-07-28
12918,20-Dec,제주시,애월읍,숙박,115,13260535,44958358.51,2021-07-28
12975,20-Dec,제주시,용담1동,숙박,15,13443000,7876889.302,2021-07-28
13012,20-Dec,제주시,외도동,숙박,227,40492505,13978320.57,2021-07-28
13038,20-Dec,제주시,삼도1동,숙박,153,42578696,12246924.29,2021-07-28
13094,20-Dec,제주시,삼도2동,숙박,1171,344790201,7417308.139,2021-07-28
13178,20-Dec,제주시,조천읍,숙박,83,10351177,24547403.81,2021-07-28
13330,20-Dec,제주시,이도1동,숙박,487,74119502,12998995.15,2021-07-28
13417,20-Dec,제주시,일도1동,숙박,16,1308000,2833153.845,2021-07-28
13468,20-Dec,서귀포시,성산읍,숙박,21,1280000,16297889.47,2021-07-28
13498,20-Dec,서귀포시,서홍동,숙박,83,8275040,8216572.37,2021-07-28
13555,20-Dec,서귀포시,영천동,숙박,930,71861000,6565732.261,2021-07-28
13580,20-Dec,서귀포시,송산동,숙박,941,74171000,23220433.3,2021-07-28
13587,20-Dec,서귀포시,안덕면,숙박,2,1851000,20558710.77,2021-07-28
13619,20-Dec,서귀포시,대륜동,숙박,18,3785988,16876835.65,2021-07-28
13729,20-Dec,서귀포시,대천동,숙박,245,21251986,10869873.42,2021-07-28
13778,20-Dec,제주시,건입동,숙박,14,475000,10560086.54,2021-07-28
13825,20-Dec,제주시,노형동,숙박,73,6019000,59681198.34,2021-07-28
13857,20-Dec,제주시,구좌읍,숙박,2,70000,15559037.95,2021-07-28
13914,20-Dec,서귀포시,중문동,숙박,270,93855445,12775227.64,2021-07-28
13927,20-Dec,서귀포시,정방동,숙박,11,2310000,4265147.21,2021-07-28
13963,20-Dec,서귀포시,예래동,숙박,3059,1667105957,6643699.211,2021-07-28
13971,20-Dec,서귀포시,천지동,숙박,94,10585040,10121583.03,2021-07-28
14030,20-Dec,서귀포시,중앙동,숙박,11,2310000,5040350.186,2021-07-28
14,20-Jan,서귀포시,남원읍,숙박,523,91234279,16801997.61,2020-12-15
42,20-Jan,서귀포시,대륜동,숙박,1591,254452528,16830498.28,2020-12-15
70,20-Jan,서귀포시,대정읍,숙박,465,27400530,18476081.71,2020-12-15
96,20-Jan,서귀포시,대천동,숙박,883,179793953,9737936.316,2020-12-15
122,20-Jan,서귀포시,동홍동,숙박,119,10818405,19770410.63,2020-12-15
148,20-Jan,서귀포시,서홍동,숙박,11,1130000,7659463.85,2020-12-15
176,20-Jan,서귀포시,성산읍,숙박,2097,259267082,17204429.85,2020-12-15
207,20-Jan,서귀포시,송산동,숙박,3122,452367552,22477951.84,2020-12-15
239,20-Jan,서귀포시,안덕면,숙박,2622,127032621,19888850.5,2020-12-15
265,20-Jan,서귀포시,영천동,숙박,131,7013051,5939587.76,2020-12-15
287,20-Jan,서귀포시,예래동,숙박,1277,380609875,8063837.637,2020-12-15
316,20-Jan,서귀포시,정방동,숙박,2962,437202096,5250639.372,2020-12-15
344,20-Jan,서귀포시,중문동,숙박,1670,409731427,11695772.36,2020-12-15
372,20-Jan,서귀포시,중앙동,숙박,2962,437202096,5087795.118,2020-12-15
400,20-Jan,서귀포시,천지동,숙박,2973,438332096,9663139.342,2020-12-15
428,20-Jan,서귀포시,표선면,숙박,396,33584000,12037184.0,2020-12-15
453,20-Jan,서귀포시,효돈동,숙박,9,6199000,4578960.949,2020-12-15
478,20-Jan,제주시,건입동,숙박,1652,213849243,10594143.14,2020-12-15
506,20-Jan,제주시,구좌읍,숙박,506,25682738,15302814.41,2020-12-15
538,20-Jan,제주시,노형동,숙박,1191,223034121,57035512.82,2020-12-15
565,20-Jan,제주시,도두동,숙박,238,61430381,4225425.764,2020-12-15
586,20-Jan,제주시,봉개동,숙박,69,2106980,6509112.861,2020-12-15
608,20-Jan,제주시,삼도1동,숙박,654,47307196,12129463.91,2020-12-15
637,20-Jan,제주시,삼도2동,숙박,290,23716184,8099927.678,2020-12-15
664,20-Jan,제주시,삼양동,숙박,73,20959340,17225689.49,2020-12-15
692,20-Jan,제주시,아라동,숙박,675,102550333,37981297.1,2020-12-15
721,20-Jan,제주시,애월읍,숙박,3453,398905707,42634658.03,2020-12-15
754,20-Jan,제주시,연동,숙박,4919,592366655,53916295.07,2020-12-15
785,20-Jan,제주시,오라동,숙박,309,51986574,20300163.74,2020-12-15
812,20-Jan,제주시,외도동,숙박,1137,42646950,11662174.2,2020-12-15
841,20-Jan,제주시,용담1동,숙박,122,26224835,8124166.637,2020-12-15
869,20-Jan,제주시,용담2동,숙박,292,23470205,20449134.93,2020-12-15
894,20-Jan,제주시,우도면,숙박,50,2173500,1678053.974,2020-12-15
919,20-Jan,제주시,이도1동,숙박,376,67962340,12140177.55,2020-12-15
946,20-Jan,제주시,이도2동,숙박,1238,223022239,55681295.56,2020-12-15
974,20-Jan,제주시,이호동,숙박,121,25556863,4907669.303,2020-12-15
1000,20-Jan,제주시,일도1동,숙박,292,17679500,3553858.98,2020-12-15
1028,20-Jan,제주시,일도2동,숙박,278,64722247,27941024.13,2020-12-15
1057,20-Jan,제주시,조천읍,숙박,1177,149345285,24554291.51,2020-12-15
1081,20-Jan,제주시,추자면,숙박,51,12133000,2052369.806,2020-12-15
1103,20-Jan,제주시,한경면,숙박,13,1842050,7260827.47,2020-12-15
1131,20-Jan,제주시,한림읍,숙박,1546,193085086,22218465.44,2020-12-15
1186,20-Feb,서귀포시,남원읍,숙박,347,38798163,13929324.61,2020-12-15
1213,20-Feb,서귀포시,대륜동,숙박,890,130918259,14619366.84,2020-12-15
1241,20-Feb,서귀포시,대정읍,숙박,357,18089310,17385426.19,2020-12-15
1266,20-Feb,서귀포시,대천동,숙박,518,119332721,8684206.771,2020-12-15
1293,20-Feb,서귀포시,동홍동,숙박,71,4258536,17858110.71,2020-12-15
1318,20-Feb,서귀포시,서홍동,숙박,16,1730000,6718256.621,2020-12-15
1346,20-Feb,서귀포시,성산읍,숙박,1307,85616182,13696298.7,2020-12-15
1378,20-Feb,서귀포시,송산동,숙박,2282,257129293,20084829.94,2020-12-15
1410,20-Feb,서귀포시,안덕면,숙박,437,43832603,17737553.33,2020-12-15
1436,20-Feb,서귀포시,영천동,숙박,90,3357560,5134790.03,2020-12-15
1460,20-Feb,서귀포시,예래동,숙박,718,235271857,5606543.599,2020-12-15
1490,20-Feb,서귀포시,정방동,숙박,2185,251273257,3882766.539,2020-12-15
1518,20-Feb,서귀포시,중문동,숙박,813,135001719,9992318.188,2020-12-15
1547,20-Feb,서귀포시,중앙동,숙박,2185,251273257,4315790.567,2020-12-15
1576,20-Feb,서귀포시,천지동,숙박,2201,253003257,8361020.359,2020-12-15
1604,20-Feb,서귀포시,표선면,숙박,316,21410642,9938457.524,2020-12-15
1627,20-Feb,서귀포시,효돈동,숙박,1,200000,3771961.222,2020-12-15
1650,20-Feb,제주시,건입동,숙박,1116,149878830,8671660.533,2020-12-15
1677,20-Feb,제주시,구좌읍,숙박,366,23484606,12992416.93,2020-12-15
1709,20-Feb,제주시,노형동,숙박,917,129654822,52704414.79,2020-12-15
1737,20-Feb,제주시,도두동,숙박,122,37012808,2951237.723,2020-12-15
1760,20-Feb,제주시,봉개동,숙박,55,1483000,5495324.125,2020-12-15
1781,20-Feb,제주시,삼도1동,숙박,471,36212869,10844848.52,2020-12-15
1810,20-Feb,제주시,삼도2동,숙박,211,19019668,7034353.78,2020-12-15
1836,20-Feb,제주시,삼양동,숙박,92,18375020,17435711.18,2020-12-15
1862,20-Feb,제주시,아라동,숙박,298,52432655,35853075.03,2020-12-15
1891,20-Feb,제주시,애월읍,숙박,2093,198843978,37892060.85,2020-12-15
1923,20-Feb,제주시,연동,숙박,3343,322295229,47434700.41,2020-12-15
1954,20-Feb,제주시,오라동,숙박,227,32766490,18661959.22,2020-12-15
1981,20-Feb,제주시,외도동,숙박,705,20835724,11427340.29,2020-12-15
2010,20-Feb,제주시,용담1동,숙박,87,27246490,7561825.608,2020-12-15
2038,20-Feb,제주시,용담2동,숙박,235,13823039,14203429.71,2020-12-15
2064,20-Feb,제주시,우도면,숙박,21,8565000,1349731.72,2020-12-15
2089,20-Feb,제주시,이도1동,숙박,434,32491468,11525619.96,2020-12-15
2116,20-Feb,제주시,이도2동,숙박,993,138661150,52289269.69,2020-12-15
2143,20-Feb,제주시,이호동,숙박,54,8307000,4368229.49,2020-12-15
2169,20-Feb,제주시,일도1동,숙박,226,15197600,1834847.328,2020-12-15
2197,20-Feb,제주시,일도2동,숙박,188,15984794,26062258.04,2020-12-15
2225,20-Feb,제주시,조천읍,숙박,632,72903872,21166671.13,2020-12-15
2248,20-Feb,제주시,추자면,숙박,52,6533000,1849186.165,2020-12-15
2271,20-Feb,제주시,한경면,숙박,9,1182000,6749052.109,2020-12-15
2298,20-Feb,제주시,한림읍,숙박,1209,85912140,19655084.16,2020-12-15
2353,20-Mar,서귀포시,남원읍,숙박,283,27559960,15039370.32,2020-12-15
2380,20-Mar,서귀포시,대륜동,숙박,767,57806642,15409446.24,2020-12-15
2408,20-Mar,서귀포시,대정읍,숙박,533,22902840,18767892.19,2020-12-15
2434,20-Mar,서귀포시,대천동,숙박,508,52377818,9287676.671,2020-12-15
2461,20-Mar,서귀포시,동홍동,숙박,71,3113763,19155352.0,2020-12-15
2486,20-Mar,서귀포시,서홍동,숙박,7,507000,7229847.459,2020-12-15
2514,20-Mar,서귀포시,성산읍,숙박,1222,156634724,14843808.6,2020-12-15
2546,20-Mar,서귀포시,송산동,숙박,2058,134696796,21682722.03,2020-12-15
2577,20-Mar,서귀포시,안덕면,숙박,314,28756482,17426068.41,2020-12-15
2603,20-Mar,서귀포시,영천동,숙박,95,4316520,5800530.401,2020-12-15
2624,20-Mar,서귀포시,예래동,숙박,664,211031124,5744272.765,2020-12-15
2654,20-Mar,서귀포시,정방동,숙박,1955,129650533,3890129.289,2020-12-15
2684,20-Mar,서귀포시,중문동,숙박,586,70300746,10647498.76,2020-12-15
2713,20-Mar,서귀포시,중앙동,숙박,1955,129650533,4653041.907,2020-12-15
2742,20-Mar,서귀포시,천지동,숙박,1962,130157533,8885074.475,2020-12-15
2769,20-Mar,서귀포시,표선면,숙박,341,20460711,10749207.51,2020-12-15
2792,20-Mar,서귀포시,효돈동,숙박,7,664500,3999068.572,2020-12-15
2816,20-Mar,제주시,건입동,숙박,925,71085029,9502469.961,2020-12-15
2843,20-Mar,제주시,구좌읍,숙박,350,16030909,14278052.88,2020-12-15
2874,20-Mar,제주시,노형동,숙박,737,94519268,55640704.6,2020-12-15
2901,20-Mar,제주시,도두동,숙박,118,28154954,2660962.169,2020-12-15
2922,20-Mar,제주시,봉개동,숙박,7,490000,5815796.527,2020-12-15
2945,20-Mar,제주시,삼도1동,숙박,431,24224050,11880430.11,2020-12-15
2974,20-Mar,제주시,삼도2동,숙박,147,9498917,6964452.574,2020-12-15
2999,20-Mar,제주시,삼양동,숙박,69,4725820,20350868.46,2020-12-15
3025,20-Mar,제주시,아라동,숙박,206,29167092,39087989.79,2020-12-15
3054,20-Mar,제주시,애월읍,숙박,2127,146166250,40295131.28,2020-12-15
3086,20-Mar,제주시,연동,숙박,2765,218946873,49001464.64,2020-12-15
3116,20-Mar,제주시,오라동,숙박,136,7011900,18694821.98,2020-12-15
3141,20-Mar,제주시,외도동,숙박,711,20009300,12483078.09,2020-12-15
3170,20-Mar,제주시,용담1동,숙박,63,2307409,7665415.968,2020-12-15
3199,20-Mar,제주시,용담2동,숙박,189,12191203,14188124.64,2020-12-15
3223,20-Mar,제주시,우도면,숙박,41,1972000,1566818.823,2020-12-15
3246,20-Mar,제주시,이도1동,숙박,309,10921300,12564435.93,2020-12-15
3274,20-Mar,제주시,이도2동,숙박,990,68526656,56223354.39,2020-12-15
3300,20-Mar,제주시,이호동,숙박,47,10829640,4583411.679,2020-12-15
3326,20-Mar,제주시,일도1동,숙박,199,12913000,2866838.114,2020-12-15
3354,20-Mar,제주시,일도2동,숙박,160,10689766,28451695.3,2020-12-15
3383,20-Mar,제주시,조천읍,숙박,515,46758111,22344229.42,2020-12-15
3407,20-Mar,제주시,추자면,숙박,48,6066100,2027918.28,2020-12-15
3430,20-Mar,제주시,한경면,숙박,25,4278600,7482323.408,2020-12-15
3457,20-Mar,제주시,한림읍,숙박,1175,71207150,21577300.06,2020-12-15
3511,20-Apr,서귀포시,남원읍,숙박,304,24753782,14615546.42,2020-12-15
3539,20-Apr,서귀포시,대륜동,숙박,802,62841448,14470880.64,2020-12-15
3565,20-Apr,서귀포시,대정읍,숙박,855,32849320,18433898.98,2020-12-15
3591,20-Apr,서귀포시,대천동,숙박,495,41777244,8909338.649,2020-12-15
3619,20-Apr,서귀포시,동홍동,숙박,68,4089079,18298525.48,2020-12-15
3645,20-Apr,서귀포시,서홍동,숙박,6,1005000,6883187.111,2020-12-15
3673,20-Apr,서귀포시,성산읍,숙박,1292,147114102,13918720.38,2020-12-15
3706,20-Apr,서귀포시,송산동,숙박,2128,204910373,20507990.19,2020-12-15
3737,20-Apr,서귀포시,안덕면,숙박,299,30700741,16791897.87,2020-12-15
3763,20-Apr,서귀포시,영천동,숙박,139,8811076,5479200.568,2020-12-15
3783,20-Apr,서귀포시,예래동,숙박,812,237851703,5435882.402,2020-12-15
3813,20-Apr,서귀포시,정방동,숙박,2021,197607828,3429709.043,2020-12-15
3843,20-Apr,서귀포시,중문동,숙박,604,73171589,10095422.32,2020-12-15
3872,20-Apr,서귀포시,중앙동,숙박,2021,197607828,4530584.305,2020-12-15
3901,20-Apr,서귀포시,천지동,숙박,2027,198612828,8424160.643,2020-12-15
3929,20-Apr,서귀포시,표선면,숙박,363,23915600,10558778.26,2020-12-15
3953,20-Apr,서귀포시,효돈동,숙박,4,580000,3730914.189,2020-12-15
3977,20-Apr,제주시,건입동,숙박,1205,97424231,9018817.09,2020-12-15
4004,20-Apr,제주시,구좌읍,숙박,378,32973168,13915227.09,2020-12-15
4034,20-Apr,제주시,노형동,숙박,833,100868556,53504878.81,2020-12-15
4062,20-Apr,제주시,도두동,숙박,118,15682687,2726818.563,2020-12-15
4105,20-Apr,제주시,삼도1동,숙박,434,22283657,11165907.64,2020-12-15
4133,20-Apr,제주시,삼도2동,숙박,94,5140902,6603114.994,2020-12-15
4159,20-Apr,제주시,삼양동,숙박,81,7637120,19544627.64,2020-12-15
4186,20-Apr,제주시,아라동,숙박,182,67243965,37821964.84,2020-12-15
4216,20-Apr,제주시,애월읍,숙박,2314,161379786,38871409.8,2020-12-15
4249,20-Apr,제주시,연동,숙박,3111,258500552,46699815.66,2020-12-15
4280,20-Apr,제주시,오라동,숙박,150,8125100,18199235.81,2020-12-15
4307,20-Apr,제주시,외도동,숙박,688,20304700,11925704.2,2020-12-15
4333,20-Apr,제주시,용담1동,숙박,53,2209000,7266690.126,2020-12-15
4362,20-Apr,제주시,용담2동,숙박,207,14273577,13587672.6,2020-12-15
4386,20-Apr,제주시,우도면,숙박,67,3118000,1417411.977,2020-12-15
4410,20-Apr,제주시,이도1동,숙박,340,11280736,12102576.01,2020-12-15
4438,20-Apr,제주시,이도2동,숙박,910,65905747,53666091.66,2020-12-15
4464,20-Apr,제주시,이호동,숙박,54,6489600,4449417.177,2020-12-15
4488,20-Apr,제주시,일도1동,숙박,195,10531600,2769274.993,2020-12-15
4516,20-Apr,제주시,일도2동,숙박,177,10061275,27106106.53,2020-12-15
4545,20-Apr,제주시,조천읍,숙박,612,52902096,21653151.8,2020-12-15
4569,20-Apr,제주시,추자면,숙박,58,6733000,2104551.469,2020-12-15
4592,20-Apr,제주시,한경면,숙박,58,7667810,7333588.808,2020-12-15
4619,20-Apr,제주시,한림읍,숙박,1106,74019522,20780761.61,2020-12-15
4690,20-May,제주시,오라동,숙박,179,10850600,18635201.6,2021-07-30
4722,20-May,제주시,연동,숙박,3771,311712344,48177714.72,2021-07-30
4756,20-May,제주시,용담2동,숙박,281,19589311,15603485.11,2021-07-30
4767,20-May,제주시,용담1동,숙박,124,7782700,7544336.781,2021-07-30
4776,20-May,제주시,외도동,숙박,627,25331800,12161795.24,2021-07-30
4837,20-May,제주시,삼도2동,숙박,140,6269597,7115250.094,2021-07-30
4852,20-May,제주시,봉개동,숙박,17,360000,6240244.28,2021-07-30
4866,20-May,제주시,삼도1동,숙박,481,27596190,11482713.49,2021-07-30
4901,20-May,제주시,애월읍,숙박,3104,268002660,40776213.36,2021-07-30
4914,20-May,제주시,아라동,숙박,236,36860768,39050877.03,2021-07-30
4921,20-May,제주시,삼양동,숙박,89,7389360,20059706.29,2021-07-30
4959,20-May,제주시,추자면,숙박,97,10763100,1939048.215,2021-07-30
5012,20-May,제주시,조천읍,숙박,1015,87026528,23420502.38,2021-07-30
5074,20-May,제주시,한경면,숙박,87,7504550,7990752.428,2021-07-30
5084,20-May,제주시,한림읍,숙박,1426,95912397,21804135.39,2021-07-30
5098,20-May,제주시,일도2동,숙박,164,9433710,27686368.89,2021-07-30
5112,20-May,제주시,이도1동,숙박,385,14205635,12634590.43,2021-07-30
5121,20-May,제주시,이도2동,숙박,1013,79263890,55189068.97,2021-07-30
5136,20-May,제주시,우도면,숙박,122,2189520,1640624.802,2021-07-30
5180,20-May,제주시,일도1동,숙박,258,12709100,2979925.376,2021-07-30
5240,20-May,제주시,이호동,숙박,88,10422147,4770426.558,2021-07-30
5270,20-May,서귀포시,송산동,숙박,2839,197105579,21343622.25,2021-07-30
5293,20-May,서귀포시,서홍동,숙박,14,1047000,7219740.882,2021-07-30
5302,20-May,서귀포시,성산읍,숙박,1843,157287632,15313496.26,2021-07-30
5321,20-May,서귀포시,영천동,숙박,231,9824510,5796950.667,2021-07-30
5385,20-May,서귀포시,안덕면,숙박,437,42395983,18648293.84,2021-07-30
5402,20-May,서귀포시,대륜동,숙박,1169,96610733,15294277.34,2021-07-30
5431,20-May,서귀포시,남원읍,숙박,521,41520106,15599792.29,2021-07-30
5463,20-May,서귀포시,대정읍,숙박,878,33554580,19233276.51,2021-07-30
5473,20-May,서귀포시,동홍동,숙박,140,8412024,18977618.76,2021-07-30
5531,20-May,서귀포시,대천동,숙박,709,94139195,9192377.365,2021-07-30
5538,20-May,서귀포시,예래동,숙박,1209,396841290,6372830.547,2021-07-30
5551,20-May,제주시,건입동,숙박,1809,143156862,9721165.924,2021-07-30
5559,20-May,제주시,구좌읍,숙박,627,41880272,15075239.15,2021-07-30
5593,20-May,서귀포시,효돈동,숙박,6,690000,3933422.039,2021-07-30
5631,20-May,제주시,도두동,숙박,180,15214269,3137558.336,2021-07-30
5674,20-May,제주시,노형동,숙박,974,128860126,55051247.53,2021-07-30
5719,20-May,서귀포시,중문동,숙박,930,173777996,10862215.45,2021-07-30
5748,20-May,서귀포시,정방동,숙박,2633,182831355,3788125.362,2021-07-30
5772,20-May,서귀포시,천지동,숙박,2647,183878355,8969465.681,2021-07-30
5781,20-May,서귀포시,표선면,숙박,411,32852395,11343488.82,2021-07-30
5801,20-May,서귀포시,중앙동,숙박,2633,182831355,4527010.194,2021-07-30
5861,20-Jun,제주시,오라동,숙박,186,11434200,17646735.15,2021-07-30
5894,20-Jun,제주시,연동,숙박,4131,366130421,46947709.81,2021-07-30
5917,20-Jun,제주시,용담1동,숙박,115,5881100,7357924.152,2021-07-30
5925,20-Jun,제주시,용담2동,숙박,309,22756254,16302770.63,2021-07-30
5944,20-Jun,제주시,외도동,숙박,721,17267600,11264967.68,2021-07-30
6007,20-Jun,제주시,삼도2동,숙박,275,15992140,7072196.911,2021-07-30
6022,20-Jun,제주시,봉개동,숙박,32,5805000,6428092.717,2021-07-30
6035,20-Jun,제주시,삼도1동,숙박,544,29446326,10863305.35,2021-07-30
6072,20-Jun,제주시,애월읍,숙박,3367,334971589,39710925.11,2021-07-30
6084,20-Jun,제주시,아라동,숙박,297,60277447,39866252.35,2021-07-30
6092,20-Jun,제주시,삼양동,숙박,112,7471960,18862007.37,2021-07-30
6131,20-Jun,제주시,추자면,숙박,104,15596000,1962725.026,2021-07-30
6184,20-Jun,제주시,조천읍,숙박,1043,106901592,22749257.92,2021-07-30
6247,20-Jun,제주시,한경면,숙박,81,9587400,7556629.153,2021-07-30
6257,20-Jun,제주시,한림읍,숙박,1487,99422823,22242513.45,2021-07-30
6270,20-Jun,제주시,일도2동,숙박,160,8397200,26041582.35,2021-07-30
6282,20-Jun,제주시,이도1동,숙박,380,25773400,12293891.95,2021-07-30
6291,20-Jun,제주시,이도2동,숙박,1062,78817529,53669546.7,2021-07-30
6323,20-Jun,제주시,우도면,숙박,98,4275500,1599700.03,2021-07-30
6350,20-Jun,제주시,일도1동,숙박,237,12577700,2822062.576,2021-07-30
6411,20-Jun,제주시,이호동,숙박,79,10813376,4648346.122,2021-07-30
6439,20-Jun,서귀포시,송산동,숙박,2651,196039063,20948688.98,2021-07-30
6454,20-Jun,서귀포시,성산읍,숙박,1820,183614256,14808401.28,2021-07-30
6463,20-Jun,서귀포시,서홍동,숙박,32,3856662,6741948.074,2021-07-30
6492,20-Jun,서귀포시,영천동,숙박,211,10700940,5809891.945,2021-07-30
6555,20-Jun,서귀포시,안덕면,숙박,400,44850911,18103224.06,2021-07-30
6573,20-Jun,서귀포시,대륜동,숙박,1162,120272776,15152603.23,2021-07-30
6608,20-Jun,서귀포시,남원읍,숙박,487,50548291,14476274.16,2021-07-30
6638,20-Jun,서귀포시,대정읍,숙박,585,36137370,18098365.98,2021-07-30
6656,20-Jun,서귀포시,동홍동,숙박,124,9278498,18693958.81,2021-07-30
6701,20-Jun,서귀포시,대천동,숙박,827,97762014,8995485.036,2021-07-30
6716,20-Jun,제주시,건입동,숙박,1850,142467500,9710553.377,2021-07-30
6778,20-Jun,서귀포시,효돈동,숙박,10,1717400,3822655.165,2021-07-30
6806,20-Jun,서귀포시,예래동,숙박,1448,495761768,6516917.864,2021-07-30
6818,20-Jun,제주시,도두동,숙박,168,20255750,3328705.325,2021-07-30
6821,20-Jun,제주시,구좌읍,숙박,641,48125181,15015642.03,2021-07-30
6845,20-Jun,제주시,노형동,숙박,1113,163384030,53894377.66,2021-07-30
6858,20-Jun,서귀포시,표선면,숙박,361,25461500,11264073.26,2021-07-30
6890,20-Jun,서귀포시,중문동,숙박,1180,209155883,10934724.02,2021-07-30
6918,20-Jun,서귀포시,정방동,숙박,2476,181847175,3674632.056,2021-07-30
6948,20-Jun,서귀포시,천지동,숙박,2508,185703837,8424160.588,2021-07-30
6972,20-Jun,서귀포시,중앙동,숙박,2476,181847175,4642405.891,2021-07-30
7034,20-Jul,제주시,오라동,숙박,207,11516520,17762354.41,2021-07-30
7066,20-Jul,제주시,연동,숙박,4368,393492085,49268247.81,2021-07-30
7076,20-Jul,제주시,용담2동,숙박,399,30165672,17895583.47,2021-07-30
7089,20-Jul,제주시,용담1동,숙박,96,5991100,7575560.87,2021-07-30
7118,20-Jul,제주시,외도동,숙박,645,21022456,12044886.7,2021-07-30
7181,20-Jul,제주시,삼도2동,숙박,295,16628416,7512032.086,2021-07-30
7196,20-Jul,제주시,봉개동,숙박,31,1565000,6996290.162,2021-07-30
7209,20-Jul,제주시,삼도1동,숙박,615,44971527,11544163.97,2021-07-30
7238,20-Jul,제주시,아라동,숙박,394,85511284,41227606.12,2021-07-30
7245,20-Jul,제주시,애월읍,숙박,3889,411594506,42137306.63,2021-07-30
7266,20-Jul,제주시,삼양동,숙박,124,9635590,19581788.06,2021-07-30
7317,20-Jul,제주시,추자면,숙박,62,7301000,1856952.986,2021-07-30
7351,20-Jul,제주시,일도2동,숙박,166,8967750,27008694.33,2021-07-30
7359,20-Jul,제주시,조천읍,숙박,1344,197984041,24636330.11,2021-07-30
7422,20-Jul,제주시,한경면,숙박,94,6848700,8043214.501,2021-07-30
7432,20-Jul,제주시,한림읍,숙박,1612,136037353,23412860.7,2021-07-30
7457,20-Jul,제주시,이도1동,숙박,432,18029960,12764387.46,2021-07-30
7483,20-Jul,제주시,이도2동,숙박,1149,111997628,56229367.7,2021-07-30
7503,20-Jul,제주시,우도면,숙박,142,9094000,1884408.443,2021-07-30
7527,20-Jul,제주시,일도1동,숙박,225,13082200,2993611.652,2021-07-30
7588,20-Jul,제주시,이호동,숙박,125,13936101,5066027.783,2021-07-30
7621,20-Jul,서귀포시,송산동,숙박,2993,221332392,22274058.38,2021-07-30
7644,20-Jul,서귀포시,서홍동,숙박,37,4534140,6922233.611,2021-07-30
7653,20-Jul,서귀포시,성산읍,숙박,2826,224171303,16439227.7,2021-07-30
7673,20-Jul,서귀포시,영천동,숙박,269,19132436,6028954.628,2021-07-30
7737,20-Jul,서귀포시,안덕면,숙박,509,46547097,18807377.36,2021-07-30
7753,20-Jul,서귀포시,대륜동,숙박,1385,150652307,16285826.4,2021-07-30
7789,20-Jul,서귀포시,남원읍,숙박,663,61830807,15707461.96,2021-07-30
7817,20-Jul,서귀포시,대정읍,숙박,708,36325350,18599692.38,2021-07-30
7826,20-Jul,서귀포시,동홍동,숙박,164,12878267,19783916.61,2021-07-30
7886,20-Jul,서귀포시,대천동,숙박,930,110563583,9822303.938,2021-07-30
7892,20-Jul,서귀포시,예래동,숙박,1680,625242160,7319197.088,2021-07-30
7902,20-Jul,제주시,건입동,숙박,2103,162879900,10305450.48,2021-07-30
7962,20-Jul,서귀포시,효돈동,숙박,14,4486500,4058087.163,2021-07-30
7968,20-Jul,제주시,구좌읍,숙박,789,67530785,16616148.13,2021-07-30
7996,20-Jul,제주시,도두동,숙박,207,20298537,3678348.887,2021-07-30
8027,20-Jul,제주시,노형동,숙박,1270,174632264,56206103.47,2021-07-30
8074,20-Jul,서귀포시,중문동,숙박,1585,400350419,11638480.23,2021-07-30
8104,20-Jul,서귀포시,정방동,숙박,2750,199105249,4110500.71,2021-07-30
8127,20-Jul,서귀포시,천지동,숙박,2787,203639389,8838553.596,2021-07-30
8153,20-Jul,서귀포시,표선면,숙박,384,32490498,12027947.59,2021-07-30
8157,20-Jul,서귀포시,중앙동,숙박,2750,199105249,5075067.278,2021-07-30
8221,20-Aug,제주시,오라동,숙박,249,10325470,18293584.42,2021-07-28
8254,20-Aug,제주시,연동,숙박,5089,446822360,49842253.09,2021-07-28
8276,20-Aug,제주시,용담1동,숙박,117,7643600,7528622.221,2021-07-28
8286,20-Aug,제주시,용담2동,숙박,467,41217232,18980441.09,2021-07-28
8305,20-Aug,제주시,외도동,숙박,670,25626442,12453749.55,2021-07-28
8366,20-Aug,제주시,삼도2동,숙박,366,32839899,7654167.254,2021-07-28
8388,20-Aug,제주시,봉개동,숙박,23,1947800,7308129.297,2021-07-28
8395,20-Aug,제주시,삼도1동,숙박,676,36309798,11434412.17,2021-07-28
8433,20-Aug,제주시,애월읍,숙박,4925,551162678,45314311.06,2021-07-28
8444,20-Aug,제주시,아라동,숙박,580,102197227,39749112.07,2021-07-28
8452,20-Aug,제주시,삼양동,숙박,122,14188640,20415141.58,2021-07-28
8500,20-Aug,제주시,추자면,숙박,95,10896000,2065505.733,2021-07-28
8544,20-Aug,제주시,조천읍,숙박,2028,265890636,26688211.67,2021-07-28
8608,20-Aug,제주시,한경면,숙박,122,13802700,8508411.35,2021-07-28
8617,20-Aug,제주시,한림읍,숙박,2086,174380201,24881316.47,2021-07-28
8631,20-Aug,제주시,일도2동,숙박,165,8183597,27089578.16,2021-07-28
8645,20-Aug,제주시,이도1동,숙박,335,20905840,12684075.93,2021-07-28
8655,20-Aug,제주시,이도2동,숙박,1175,94881539,55570744.55,2021-07-28
8670,20-Aug,제주시,우도면,숙박,235,9064508,2189404.866,2021-07-28
8714,20-Aug,제주시,일도1동,숙박,231,11265200,2969840.928,2021-07-28
8775,20-Aug,제주시,이호동,숙박,136,15493010,5329818.048,2021-07-28
8806,20-Aug,서귀포시,송산동,숙박,3763,368014577,22631970.21,2021-07-28
8829,20-Aug,서귀포시,서홍동,숙박,42,5144663,7145986.881,2021-07-28
8837,20-Aug,서귀포시,성산읍,숙박,3242,292594318,18446177.94,2021-07-28
8858,20-Aug,서귀포시,영천동,숙박,356,26681097,5971022.193,2021-07-28
8873,20-Aug,서귀포시,예래동,숙박,1881,705172810,8336270.244,2021-07-28
8921,20-Aug,서귀포시,안덕면,숙박,645,78022648,21813589.44,2021-07-28
8942,20-Aug,서귀포시,대륜동,숙박,1980,239109976,17316741.16,2021-07-28
8946,20-Aug,서귀포시,대정읍,숙박,724,42202435,19507941.98,2021-07-28
8965,20-Aug,서귀포시,남원읍,숙박,735,97282716,16854131.98,2021-07-28
9003,20-Aug,서귀포시,동홍동,숙박,178,13574708,19948635.72,2021-07-28
9067,20-Aug,서귀포시,대천동,숙박,1230,155492879,10329930.17,2021-07-28
9086,20-Aug,제주시,건입동,숙박,2285,164358197,10625927.44,2021-07-28
9094,20-Aug,제주시,구좌읍,숙박,1026,72388238,17961278.2,2021-07-28
9128,20-Aug,서귀포시,효돈동,숙박,23,7977500,4211751.207,2021-07-28
9180,20-Aug,제주시,도두동,숙박,324,27555452,3970765.408,2021-07-28
9209,20-Aug,제주시,노형동,숙박,1557,219521089,55942545.13,2021-07-28
9239,20-Aug,서귀포시,중문동,숙박,2349,578397402,12400222.27,2021-07-28
9286,20-Aug,서귀포시,정방동,숙박,3468,337783672,4506332.103,2021-07-28
9309,20-Aug,서귀포시,천지동,숙박,3510,342928335,9329263.719,2021-07-28
9318,20-Aug,서귀포시,표선면,숙박,487,47044835,12857677.96,2021-07-28
9339,20-Aug,서귀포시,중앙동,숙박,3468,337783672,4908821.165,2021-07-28
9384,20-Sep,제주시,오라동,숙박,222,11710800,17492078.9,2021-07-28
9433,20-Sep,제주시,연동,숙박,3756,301201706,46714075.68,2021-07-28
9472,20-Sep,제주시,용담2동,숙박,194,14730407,15631047.64,2021-07-28
9474,20-Sep,제주시,용담1동,숙박,49,4384900,7172909.207,2021-07-28
9481,20-Sep,제주시,외도동,숙박,516,17549300,12013281.1,2021-07-28
9544,20-Sep,제주시,삼도2동,숙박,309,26903753,6824165.301,2021-07-28
9558,20-Sep,제주시,봉개동,숙박,6,1220000,6332660.987,2021-07-28
9573,20-Sep,제주시,삼도1동,숙박,528,29590819,11015233.49,2021-07-28
9611,20-Sep,제주시,애월읍,숙박,2456,248998006,40684047.4,2021-07-28
9622,20-Sep,제주시,아라동,숙박,303,54460400,39725777.67,2021-07-28
9637,20-Sep,제주시,삼양동,숙박,106,8521370,19455599.64,2021-07-28
9662,20-Sep,제주시,추자면,숙박,78,11212000,1858939.526,2021-07-28
9722,20-Sep,제주시,조천읍,숙박,1141,156778746,22587312.81,2021-07-28
9732,20-Sep,제주시,한경면,숙박,64,3612100,8168847.951,2021-07-28
9792,20-Sep,제주시,한림읍,숙박,1374,114515628,22146552.52,2021-07-28
9829,20-Sep,제주시,이도2동,숙박,930,78617509,53508384.48,2021-07-28
9839,20-Sep,제주시,이도1동,숙박,300,16337480,11990979.7,2021-07-28
9844,20-Sep,제주시,우도면,숙박,62,1900500,1737735.455,2021-07-28
9888,20-Sep,제주시,일도1동,숙박,227,11253000,2761538.108,2021-07-28
9897,20-Sep,제주시,일도2동,숙박,147,8467407,25959765.69,2021-07-28
9932,20-Sep,제주시,이호동,숙박,101,8046766,4628746.177,2021-07-28
9976,20-Sep,서귀포시,송산동,숙박,2460,169505431,21434539.28,2021-07-28
9999,20-Sep,서귀포시,서홍동,숙박,10,1353500,7162951.719,2021-07-28
10007,20-Sep,서귀포시,성산읍,숙박,1837,281168463,15527094.53,2021-07-28
10029,20-Sep,서귀포시,영천동,숙박,152,15072044,5801886.357,2021-07-28
10091,20-Sep,서귀포시,안덕면,숙박,351,40156571,19547534.89,2021-07-28
10096,20-Sep,서귀포시,예래동,숙박,1302,424341438,6033472.717,2021-07-28
10106,20-Sep,서귀포시,대륜동,숙박,880,101289672,15338923.1,2021-07-28
10150,20-Sep,서귀포시,남원읍,숙박,448,57887987,15187996.41,2021-07-28
10172,20-Sep,서귀포시,동홍동,숙박,112,9507576,18942949.61,2021-07-28
10235,20-Sep,서귀포시,대천동,숙박,744,83562290,9344504.812,2021-07-28
10241,20-Sep,서귀포시,대정읍,숙박,539,31722250,19110936.79,2021-07-28
10256,20-Sep,제주시,건입동,숙박,1652,115132752,9691362.027,2021-07-28
10264,20-Sep,제주시,구좌읍,숙박,656,55485510,15306981.13,2021-07-28
10297,20-Sep,서귀포시,효돈동,숙박,8,1879500,3964733.065,2021-07-28
10350,20-Sep,제주시,도두동,숙박,90,11057250,2958102.854,2021-07-28
10379,20-Sep,제주시,노형동,숙박,916,126879718,53378443.8,2021-07-28
10409,20-Sep,서귀포시,중문동,숙박,1252,292262277,11241808.68,2021-07-28
10460,20-Sep,서귀포시,정방동,숙박,2307,153725131,3646482.455,2021-07-28
10478,20-Sep,서귀포시,천지동,숙박,2317,155078631,8999080.127,2021-07-28
10488,20-Sep,서귀포시,표선면,숙박,356,26790550,11031902.57,2021-07-28
10509,20-Sep,서귀포시,중앙동,숙박,2307,153725131,4464560.108,2021-07-28
10566,20-Oct,제주시,오라동,숙박,242,11660288,18317889.08,2021-07-28
10598,20-Oct,제주시,연동,숙박,4543,467785806,49615288.37,2021-07-28
10633,20-Oct,제주시,용담2동,숙박,393,27834719,17496303.89,2021-07-28
10642,20-Oct,제주시,용담1동,숙박,105,11880300,7462088.868,2021-07-28
10651,20-Oct,제주시,외도동,숙박,732,25735200,12547120.69,2021-07-28
10698,20-Oct,제주시,삼도2동,숙박,361,42275290,7438255.221,2021-07-28
10727,20-Oct,제주시,봉개동,숙박,21,456000,6873694.122,2021-07-28
10742,20-Oct,제주시,삼도1동,숙박,566,36865374,11419974.23,2021-07-28
10778,20-Oct,제주시,애월읍,숙박,3563,384330143,44514781.66,2021-07-28
10798,20-Oct,제주시,삼양동,숙박,132,14095760,20005740.07,2021-07-28
10824,20-Oct,제주시,아라동,숙박,514,103805163,42196335.89,2021-07-28
10828,20-Oct,제주시,추자면,숙박,84,10223000,2018650.707,2021-07-28
10888,20-Oct,제주시,조천읍,숙박,1694,184790589,25232483.07,2021-07-28
10931,20-Oct,제주시,화북동,숙박,1,420000,25823261.32,2021-07-28
10950,20-Oct,제주시,한경면,숙박,93,5614100,8621878.215,2021-07-28
10959,20-Oct,제주시,한림읍,숙박,1705,139307573,23524170.41,2021-07-28
10974,20-Oct,제주시,일도2동,숙박,172,7796026,26863445.66,2021-07-28
10990,20-Oct,제주시,이도1동,숙박,336,23998695,12404917.56,2021-07-28
10998,20-Oct,제주시,이도2동,숙박,1043,88248308,56301071.71,2021-07-28
11013,20-Oct,제주시,우도면,숙박,99,6358500,2024650.719,2021-07-28
11056,20-Oct,제주시,일도1동,숙박,234,12126500,2972683.161,2021-07-28
11102,20-Oct,제주시,이호동,숙박,140,27705575,4937965.746,2021-07-28
11145,20-Oct,서귀포시,송산동,숙박,3438,309985637,22589889.7,2021-07-28
11169,20-Oct,서귀포시,서홍동,숙박,29,4984746,7324130.105,2021-07-28
11177,20-Oct,서귀포시,성산읍,숙박,2110,221499147,17089700.33,2021-07-28
11197,20-Oct,서귀포시,영천동,숙박,246,18849661,6384225.355,2021-07-28
11213,20-Oct,서귀포시,예래동,숙박,1541,472950819,7300908.079,2021-07-28
11260,20-Oct,서귀포시,안덕면,숙박,499,53545735,22040017.78,2021-07-28
11283,20-Oct,서귀포시,대륜동,숙박,1084,144182069,16344755.69,2021-07-28
11311,20-Oct,서귀포시,남원읍,숙박,700,139969528,16795315.85,2021-07-28
11339,20-Oct,서귀포시,대정읍,숙박,755,46926950,20542917.07,2021-07-28
11348,20-Oct,서귀포시,동홍동,숙박,135,16551598,19800378.83,2021-07-28
11407,20-Oct,서귀포시,대천동,숙박,807,90700501,10179990.1,2021-07-28
11427,20-Oct,제주시,건입동,숙박,1875,166595206,10404565.6,2021-07-28
11435,20-Oct,제주시,구좌읍,숙박,707,48721529,16648268.33,2021-07-28
11467,20-Oct,서귀포시,효돈동,숙박,7,385000,4284157.419,2021-07-28
11506,20-Oct,제주시,도두동,숙박,153,23345565,3450824.111,2021-07-28
11550,20-Oct,제주시,노형동,숙박,1134,153784150,56208880.13,2021-07-28
11579,20-Oct,서귀포시,중문동,숙박,1687,404855913,12362238.41,2021-07-28
11627,20-Oct,서귀포시,정방동,숙박,3231,283832378,4418321.048,2021-07-28
11662,20-Oct,서귀포시,표선면,숙박,562,46758943,12478309.28,2021-07-28
11670,20-Oct,서귀포시,천지동,숙박,3260,288817124,9393166.084,2021-07-28
11680,20-Oct,서귀포시,중앙동,숙박,3231,283832378,4856000.526,2021-07-28
11738,20-Nov,제주시,오라동,숙박,253,14101724,18781997.76,2021-07-28
11770,20-Nov,제주시,연동,숙박,4566,598582842,52498922.4,2021-07-28
11802,20-Nov,제주시,용담2동,숙박,441,35438964,16777732.38,2021-07-28
11815,20-Nov,제주시,용담1동,숙박,108,10093670,7597553.259,2021-07-28
11822,20-Nov,제주시,외도동,숙박,827,29378800,12777460.92,2021-07-28
11884,20-Nov,제주시,삼도2동,숙박,432,52541703,7767752.261,2021-07-28
11898,20-Nov,제주시,봉개동,숙박,38,3564000,6885299.439,2021-07-28
11913,20-Nov,제주시,삼도1동,숙박,633,34662073,11601137.13,2021-07-28
11950,20-Nov,제주시,애월읍,숙박,3357,404635012,45684131.9,2021-07-28
11962,20-Nov,제주시,아라동,숙박,554,103064831,44959311.47,2021-07-28
11971,20-Nov,제주시,삼양동,숙박,152,18576000,20170448.6,2021-07-28
12017,20-Nov,제주시,추자면,숙박,97,19461500,2140468.976,2021-07-28
12059,20-Nov,제주시,조천읍,숙박,1715,181536307,25420558.26,2021-07-28
12122,20-Nov,제주시,한경면,숙박,55,8454500,8146320.39,2021-07-28
12131,20-Nov,제주시,한림읍,숙박,1660,134242454,23307057.87,2021-07-28
12146,20-Nov,제주시,일도2동,숙박,175,9285297,27203870.44,2021-07-28
12159,20-Nov,제주시,이도1동,숙박,366,19893620,13077351.82,2021-07-28
12168,20-Nov,제주시,이도2동,숙박,1104,113121192,58056486.58,2021-07-28
12199,20-Nov,제주시,우도면,숙박,64,3184000,1984292.215,2021-07-28
12235,20-Nov,제주시,일도1동,숙박,194,9752000,3038383.63,2021-07-28
12289,20-Nov,제주시,이호동,숙박,149,34235761,4669073.75,2021-07-28
12293,20-Nov,제주시,구좌읍,숙박,630,47882607,16428021.48,2021-07-28
12320,20-Nov,서귀포시,송산동,숙박,3145,273409367,22810330.95,2021-07-28
12342,20-Nov,서귀포시,서홍동,숙박,21,5765859,7422240.674,2021-07-28
12351,20-Nov,서귀포시,성산읍,숙박,2071,263489153,17366301.56,2021-07-28
12371,20-Nov,서귀포시,영천동,숙박,179,16215124,6521766.704,2021-07-28
12388,20-Nov,서귀포시,예래동,숙박,1443,415821539,7650703.339,2021-07-28
12435,20-Nov,서귀포시,안덕면,숙박,560,61386197,21991731.14,2021-07-28
12451,20-Nov,서귀포시,대륜동,숙박,1089,162210120,16765213.69,2021-07-28
12460,20-Nov,서귀포시,대정읍,숙박,626,56027100,19727238.67,2021-07-28
12478,20-Nov,서귀포시,남원읍,숙박,618,118318994,17275989.32,2021-07-28
12516,20-Nov,서귀포시,동홍동,숙박,119,10626342,20169181.77,2021-07-28
12581,20-Nov,서귀포시,대천동,숙박,790,85783250,10545756.44,2021-07-28
12597,20-Nov,제주시,건입동,숙박,1813,225098475,10643102.62,2021-07-28
12657,20-Nov,서귀포시,효돈동,숙박,11,3309000,4296309.195,2021-07-28
12693,20-Nov,제주시,도두동,숙박,199,56951898,3353461.317,2021-07-28
12721,20-Nov,제주시,노형동,숙박,1127,139077376,58617075.23,2021-07-28
12752,20-Nov,서귀포시,중문동,숙박,1788,441324962,12852065.0,2021-07-28
12800,20-Nov,서귀포시,정방동,숙박,2975,254737181,4647394.507,2021-07-28
12821,20-Nov,서귀포시,천지동,숙박,2996,260503040,9469862.881,2021-07-28
12830,20-Nov,서귀포시,표선면,숙박,497,55319176,12678828.46,2021-07-28
12851,20-Nov,서귀포시,중앙동,숙박,2975,254737181,5048833.006,2021-07-28
12904,20-Dec,제주시,오라동,숙박,248,21467707,19327552.41,2021-07-28
12912,20-Dec,제주시,연동,숙박,2898,263698498,53339784.82,2021-07-28
12949,20-Dec,제주시,외도동,숙박,382,11470100,13978320.57,2021-07-28
12962,20-Dec,제주시,용담1동,숙박,44,7750200,7876889.302,2021-07-28
12969,20-Dec,제주시,용담2동,숙박,167,12050355,14925248.85,2021-07-28
13050,20-Dec,제주시,삼도2동,숙박,285,31216154,7417308.139,2021-07-28
13067,20-Dec,제주시,봉개동,숙박,7,2723000,6338714.121,2021-07-28
13079,20-Dec,제주시,삼도1동,숙박,485,26491085,12246924.29,2021-07-28
13106,20-Dec,제주시,아라동,숙박,402,65310219,45818158.76,2021-07-28
13114,20-Dec,제주시,애월읍,숙박,1884,194982404,44958358.51,2021-07-28
13133,20-Dec,제주시,삼양동,숙박,134,16254280,22213735.08,2021-07-28
13175,20-Dec,제주시,추자면,숙박,81,11888000,2066927.909,2021-07-28
13227,20-Dec,제주시,조천읍,숙박,898,76351663,24547403.81,2021-07-28
13289,20-Dec,제주시,한경면,숙박,40,4812600,8326803.888,2021-07-28
13297,20-Dec,제주시,한림읍,숙박,967,69474750,22681670.03,2021-07-28
13312,20-Dec,제주시,일도2동,숙박,156,7674023,29410004.55,2021-07-28
13323,20-Dec,제주시,이도1동,숙박,249,12741881,12998995.15,2021-07-28
13332,20-Dec,제주시,이도2동,숙박,741,130110226,59823778.01,2021-07-28
13374,20-Dec,제주시,우도면,숙박,25,849500,1959118.28,2021-07-28
13393,20-Dec,제주시,일도1동,숙박,177,9515377,2833153.845,2021-07-28
13453,20-Dec,제주시,이호동,숙박,73,6933067,4676125.326,2021-07-28
13485,20-Dec,서귀포시,송산동,숙박,1712,122745512,23220433.3,2021-07-28
13508,20-Dec,서귀포시,서홍동,숙박,22,3774727,8216572.37,2021-07-28
13516,20-Dec,서귀포시,성산읍,숙박,1090,96275506,16297889.47,2021-07-28
13536,20-Dec,서귀포시,영천동,숙박,108,6476635,6565732.261,2021-07-28
13551,20-Dec,서귀포시,예래동,숙박,1015,295590750,6643699.211,2021-07-28
13598,20-Dec,서귀포시,안덕면,숙박,338,30754961,20558710.77,2021-07-28
13611,20-Dec,서귀포시,대륜동,숙박,435,52466920,16876835.65,2021-07-28
13621,20-Dec,서귀포시,대정읍,숙박,451,33143130,20233116.65,2021-07-28
13677,20-Dec,서귀포시,동홍동,숙박,53,3486852,20536434.52,2021-07-28
13740,20-Dec,서귀포시,대천동,숙박,491,42879164,10869873.42,2021-07-28
13746,20-Dec,서귀포시,남원읍,숙박,404,91974301,17853381.36,2021-07-28
13753,20-Dec,제주시,건입동,숙박,1198,99301234,10560086.54,2021-07-28
13815,20-Dec,서귀포시,효돈동,숙박,4,679500,4438920.071,2021-07-28
13819,20-Dec,제주시,구좌읍,숙박,309,29561462,15559037.95,2021-07-28
13849,20-Dec,제주시,도두동,숙박,99,8218500,2698344.349,2021-07-28
13875,20-Dec,제주시,노형동,숙박,874,82229120,59681198.34,2021-07-28
13917,20-Dec,서귀포시,중문동,숙박,901,196590331,12775227.64,2021-07-28
13955,20-Dec,서귀포시,정방동,숙박,1627,116401865,4265147.21,2021-07-28
13976,20-Dec,서귀포시,천지동,숙박,1649,120176592,10121583.03,2021-07-28
13985,20-Dec,서귀포시,표선면,숙박,278,20198800,11987455.41,2021-07-28
14006,20-Dec,서귀포시,중앙동,숙박,1627,116401865,5040350.186,2021-07-28
27,20-Jan,서귀포시,남원읍,숙박,3023,253521420,16801997.61,2020-12-15
55,20-Jan,서귀포시,대륜동,숙박,41,123004600,16830498.28,2020-12-15
108,20-Jan,서귀포시,대천동,숙박,967,117722588,9737936.316,2020-12-15
191,20-Jan,서귀포시,성산읍,숙박,1674,191901704,17204429.85,2020-12-15
252,20-Jan,서귀포시,안덕면,숙박,3500,817829897,19888850.5,2020-12-15
301,20-Jan,서귀포시,예래동,숙박,113,66963048,8063837.637,2020-12-15
442,20-Jan,서귀포시,표선면,숙박,1548,179277310,12037184.0,2020-12-15
554,20-Jan,제주시,노형동,숙박,133,182699063,57035512.82,2020-12-15
594,20-Jan,제주시,봉개동,숙박,1456,199426130,6509112.861,2020-12-15
736,20-Jan,제주시,애월읍,숙박,61,7408500,42634658.03,2020-12-15
1073,20-Jan,제주시,조천읍,숙박,2148,309352540,24554291.51,2020-12-15
1115,20-Jan,제주시,한경면,숙박,2,122000,7260827.47,2020-12-15
1144,20-Jan,제주시,한림읍,숙박,247,46757213,22218465.44,2020-12-15
1199,20-Feb,서귀포시,남원읍,숙박,1250,59676110,13929324.61,2020-12-15
1226,20-Feb,서귀포시,대륜동,숙박,18,1378000,14619366.84,2020-12-15
1278,20-Feb,서귀포시,대천동,숙박,485,60074128,8684206.771,2020-12-15
1361,20-Feb,서귀포시,성산읍,숙박,649,116975223,13696298.7,2020-12-15
1423,20-Feb,서귀포시,안덕면,숙박,1215,324784092,17737553.33,2020-12-15
1474,20-Feb,서귀포시,예래동,숙박,70,26515003,5606543.599,2020-12-15
1617,20-Feb,서귀포시,표선면,숙박,662,71087210,9938457.524,2020-12-15
1725,20-Feb,제주시,노형동,숙박,79,102751637,52704414.79,2020-12-15
1768,20-Feb,제주시,봉개동,숙박,559,76787620,5495324.125,2020-12-15
1905,20-Feb,제주시,애월읍,숙박,41,4573994,37892060.85,2020-12-15
2240,20-Feb,제주시,조천읍,숙박,1012,127238670,21166671.13,2020-12-15
2282,20-Feb,제주시,한경면,숙박,1,55000,6749052.109,2020-12-15
2311,20-Feb,제주시,한림읍,숙박,115,25614885,19655084.16,2020-12-15
2366,20-Mar,서귀포시,남원읍,숙박,672,29565358,15039370.32,2020-12-15
2393,20-Mar,서귀포시,대륜동,숙박,14,3014000,15409446.24,2020-12-15
2446,20-Mar,서귀포시,대천동,숙박,226,17911045,9287676.671,2020-12-15
2529,20-Mar,서귀포시,성산읍,숙박,608,64183292,14843808.6,2020-12-15
2590,20-Mar,서귀포시,안덕면,숙박,1259,172392264,17426068.41,2020-12-15
2638,20-Mar,서귀포시,예래동,숙박,51,25385345,5744272.765,2020-12-15
2782,20-Mar,서귀포시,표선면,숙박,284,41737000,10749207.51,2020-12-15
2890,20-Mar,제주시,노형동,숙박,60,76210936,55640704.6,2020-12-15
2931,20-Mar,제주시,봉개동,숙박,142,23015300,5815796.527,2020-12-15
3069,20-Mar,제주시,애월읍,숙박,45,2898010,40295131.28,2020-12-15
3399,20-Mar,제주시,조천읍,숙박,318,73289000,22344229.42,2020-12-15
3470,20-Mar,제주시,한림읍,숙박,46,9799001,21577300.06,2020-12-15
3524,20-Apr,서귀포시,남원읍,숙박,644,25867618,14615546.42,2020-12-15
3550,20-Apr,서귀포시,대륜동,숙박,8,1116000,14470880.64,2020-12-15
3603,20-Apr,서귀포시,대천동,숙박,237,14977117,8909338.649,2020-12-15
3688,20-Apr,서귀포시,성산읍,숙박,657,78506037,13918720.38,2020-12-15
3750,20-Apr,서귀포시,안덕면,숙박,1642,531692521,16791897.87,2020-12-15
3797,20-Apr,서귀포시,예래동,숙박,81,72357105,5435882.402,2020-12-15
3942,20-Apr,서귀포시,표선면,숙박,295,37804200,10558778.26,2020-12-15
4050,20-Apr,제주시,노형동,숙박,70,134057520,53504878.81,2020-12-15
4092,20-Apr,제주시,봉개동,숙박,147,30782600,5724812.897,2020-12-15
4231,20-Apr,제주시,애월읍,숙박,48,6629916,38871409.8,2020-12-15
4560,20-Apr,제주시,조천읍,숙박,597,80105500,21653151.8,2020-12-15
4603,20-Apr,제주시,한경면,숙박,4,220000,7333588.808,2020-12-15
4632,20-Apr,제주시,한림읍,숙박,105,131993294,20780761.61,2020-12-15
4709,20-May,제주시,애월읍,숙박,72,8178113,40776213.36,2021-07-30
4843,20-May,제주시,봉개동,숙박,482,75764800,6240244.28,2021-07-30
4961,20-May,제주시,조천읍,숙박,1151,178774100,23420502.38,2021-07-30
5034,20-May,제주시,한림읍,숙박,175,25877497,21804135.39,2021-07-30
5069,20-May,제주시,한경면,숙박,8,593000,7990752.428,2021-07-30
5251,20-May,서귀포시,성산읍,숙박,1435,193432153,15313496.26,2021-07-30
5353,20-May,서귀포시,안덕면,숙박,3183,779762666,18648293.84,2021-07-30
5411,20-May,서귀포시,대륜동,숙박,12,1390000,15294277.34,2021-07-30
5455,20-May,서귀포시,남원읍,숙박,1344,62518691,15599792.29,2021-07-30
5502,20-May,서귀포시,대천동,숙박,564,47127571,9192377.365,2021-07-30
5591,20-May,서귀포시,표선면,숙박,686,101183930,11343488.82,2021-07-30
5628,20-May,제주시,노형동,숙박,107,157297135,55051247.53,2021-07-30
5726,20-May,서귀포시,예래동,숙박,178,84270846,6372830.547,2021-07-30
5873,20-Jun,제주시,애월읍,숙박,68,6316062,39710925.11,2021-07-30
6020,20-Jun,제주시,봉개동,숙박,509,69385550,6428092.717,2021-07-30
6139,20-Jun,제주시,조천읍,숙박,1133,220989700,22749257.92,2021-07-30
6207,20-Jun,제주시,한림읍,숙박,219,34481876,22242513.45,2021-07-30
6236,20-Jun,제주시,한경면,숙박,80,3810601,7556629.153,2021-07-30
6421,20-Jun,서귀포시,성산읍,숙박,1528,288276267,14808401.28,2021-07-30
6505,20-Jun,서귀포시,안덕면,숙박,4471,881972617,18103224.06,2021-07-30
6596,20-Jun,서귀포시,대륜동,숙박,33,8043000,15152603.23,2021-07-30
6625,20-Jun,서귀포시,남원읍,숙박,2869,543119018,14476274.16,2021-07-30
6651,20-Jun,서귀포시,대천동,숙박,598,40833706,8995485.036,2021-07-30
6751,20-Jun,서귀포시,표선면,숙박,859,124864042,11264073.26,2021-07-30
6792,20-Jun,제주시,노형동,숙박,130,237602476,53894377.66,2021-07-30
6897,20-Jun,서귀포시,예래동,숙박,208,81999162,6516917.864,2021-07-30
7045,20-Jul,제주시,애월읍,숙박,58,7140399,42137306.63,2021-07-30
7205,20-Jul,제주시,봉개동,숙박,642,96645090,6996290.162,2021-07-30
7306,20-Jul,제주시,조천읍,숙박,1578,313193650,24636330.11,2021-07-30
7389,20-Jul,제주시,한림읍,숙박,224,55312049,23412860.7,2021-07-30
7418,20-Jul,제주시,한경면,숙박,146,2255500,8043214.501,2021-07-30
7602,20-Jul,서귀포시,성산읍,숙박,1947,255902458,16439227.7,2021-07-30
7705,20-Jul,서귀포시,안덕면,숙박,6941,1508753287,18807377.36,2021-07-30
7777,20-Jul,서귀포시,대륜동,숙박,6,918000,16285826.4,2021-07-30
7806,20-Jul,서귀포시,남원읍,숙박,5008,728647014,15707461.96,2021-07-30
7854,20-Jul,서귀포시,대천동,숙박,1145,85876922,9822303.938,2021-07-30
7936,20-Jul,서귀포시,표선면,숙박,1365,190264357,12027947.59,2021-07-30
7973,20-Jul,제주시,노형동,숙박,128,200078998,56206103.47,2021-07-30
8083,20-Jul,서귀포시,예래동,숙박,193,109433686,7319197.088,2021-07-30
8233,20-Aug,제주시,애월읍,숙박,70,13369100,45314311.06,2021-07-28
8389,20-Aug,제주시,봉개동,숙박,1179,206685240,7308129.297,2021-07-28
8492,20-Aug,제주시,조천읍,숙박,1816,402807600,26688211.67,2021-07-28
8567,20-Aug,제주시,한림읍,숙박,288,107497539,24881316.47,2021-07-28
8596,20-Aug,제주시,한경면,숙박,375,7495000,8508411.35,2021-07-28
8786,20-Aug,서귀포시,성산읍,숙박,2801,340263687,18446177.94,2021-07-28
8890,20-Aug,서귀포시,안덕면,숙박,9203,2220382985,21813589.44,2021-07-28
8989,20-Aug,서귀포시,남원읍,숙박,5956,905379122,16854131.98,2021-07-28
9037,20-Aug,서귀포시,대천동,숙박,1691,117266497,10329930.17,2021-07-28
9126,20-Aug,서귀포시,표선면,숙박,1912,272910360,12857677.96,2021-07-28
9163,20-Aug,제주시,노형동,숙박,155,126901271,55942545.13,2021-07-28
9265,20-Aug,서귀포시,예래동,숙박,213,133875388,8336270.244,2021-07-28
9413,20-Sep,제주시,애월읍,숙박,48,5031710,40684047.4,2021-07-28
9550,20-Sep,제주시,봉개동,숙박,328,44162610,6332660.987,2021-07-28
9670,20-Sep,제주시,조천읍,숙박,751,124797900,22587312.81,2021-07-28
9743,20-Sep,제주시,한림읍,숙박,184,651746064,22146552.52,2021-07-28
9772,20-Sep,제주시,한경면,숙박,66,1200000,8168847.951,2021-07-28
9957,20-Sep,서귀포시,성산읍,숙박,1385,159451749,15527094.53,2021-07-28
10060,20-Sep,서귀포시,안덕면,숙박,5038,1352572920,19547534.89,2021-07-28
10157,20-Sep,서귀포시,남원읍,숙박,2769,529211723,15187996.41,2021-07-28
10206,20-Sep,서귀포시,대천동,숙박,350,28681416,9344504.812,2021-07-28
10289,20-Sep,서귀포시,표선면,숙박,520,80229500,11031902.57,2021-07-28
10326,20-Sep,제주시,노형동,숙박,93,99376238,53378443.8,2021-07-28
10431,20-Sep,서귀포시,예래동,숙박,63,49143735,6033472.717,2021-07-28
10579,20-Oct,제주시,애월읍,숙박,66,8010331,44514781.66,2021-07-28
10719,20-Oct,제주시,봉개동,숙박,801,152279459,6873694.122,2021-07-28
10836,20-Oct,제주시,조천읍,숙박,1414,278163750,25232483.07,2021-07-28
10909,20-Oct,제주시,한림읍,숙박,251,49490035,23524170.41,2021-07-28
10939,20-Oct,제주시,한경면,숙박,30,869000,8621878.215,2021-07-28
11126,20-Oct,서귀포시,성산읍,숙박,1974,279905741,17089700.33,2021-07-28
11230,20-Oct,서귀포시,안덕면,숙박,5909,1691131817,22040017.78,2021-07-28
11328,20-Oct,서귀포시,남원읍,숙박,4105,714915431,16795315.85,2021-07-28
11377,20-Oct,서귀포시,대천동,숙박,758,66805513,10179990.1,2021-07-28
11461,20-Oct,서귀포시,표선면,숙박,1220,201512531,12478309.28,2021-07-28
11497,20-Oct,제주시,노형동,숙박,121,91015672,56208880.13,2021-07-28
11605,20-Oct,서귀포시,예래동,숙박,149,129456200,7300908.079,2021-07-28
11751,20-Nov,제주시,애월읍,숙박,74,8218642,45684131.9,2021-07-28
11890,20-Nov,제주시,봉개동,숙박,1102,194010750,6885299.439,2021-07-28
12008,20-Nov,제주시,조천읍,숙박,1434,323289150,25420558.26,2021-07-28
12088,20-Nov,제주시,한림읍,숙박,264,57367796,23307057.87,2021-07-28
12111,20-Nov,제주시,한경면,숙박,14,832495,8146320.39,2021-07-28
12300,20-Nov,서귀포시,성산읍,숙박,1954,337465399,17366301.56,2021-07-28
12438,20-Nov,서귀포시,안덕면,숙박,4898,1584629314,21991731.14,2021-07-28
12502,20-Nov,서귀포시,남원읍,숙박,4858,1024119646,17275989.32,2021-07-28
12585,20-Nov,서귀포시,대천동,숙박,702,93589244,10545756.44,2021-07-28
12632,20-Nov,서귀포시,표선면,숙박,1356,188360860,12678828.46,2021-07-28
12669,20-Nov,제주시,노형동,숙박,184,215227356,58617075.23,2021-07-28
12786,20-Nov,서귀포시,예래동,숙박,104,89420800,7650703.339,2021-07-28
12916,20-Dec,제주시,애월읍,숙박,35,4768536,44958358.51,2021-07-28
13076,20-Dec,제주시,봉개동,숙박,307,54187900,6338714.121,2021-07-28
13183,20-Dec,제주시,조천읍,숙박,637,145847700,24547403.81,2021-07-28
13249,20-Dec,제주시,한림읍,숙박,109,21257399,22681670.03,2021-07-28
13277,20-Dec,제주시,한경면,숙박,6,813000,8326803.888,2021-07-28
13473,20-Dec,서귀포시,성산읍,숙박,966,178828374,16297889.47,2021-07-28
13585,20-Dec,서귀포시,안덕면,숙박,2647,784397381,20558710.77,2021-07-28
13662,20-Dec,서귀포시,남원읍,숙박,2283,660649972,17853381.36,2021-07-28
13710,20-Dec,서귀포시,대천동,숙박,282,38108269,10869873.42,2021-07-28
13791,20-Dec,서귀포시,표선면,숙박,520,87256510,11987455.41,2021-07-28
13823,20-Dec,제주시,노형동,숙박,115,128410220,59681198.34,2021-07-28
13936,20-Dec,서귀포시,예래동,숙박,91,77042700,6643699.211,2021-07-28
